feature,Baseline (C=1e6),L2 (C=1.0),L1 (C=1.0)
chem_mw,100.22828799135924,-0.11542652375941753,0.0
chem_mordred_MW,-63.45874215723445,-1.041132758449892,-0.8642963870881575
chem_mordred_Sm,-54.36468898467096,-1.0313709093845662,-0.6256717487082557
chem_mordred_SZ,-50.240440205087395,-1.8458611737091555,-3.1488331291048444
chem_mordred_ATS0Z,37.35486751114164,-0.6612856227410465,-0.44870436684168874
chem_mordred_ATS1d,34.057744685919374,-0.24399151797759988,0.0
chem_mordred_ABC,-31.129494138401235,-1.39739842490262,-0.4107062646328002
chem_mordred_MPC3,-28.632520266710948,-0.9985494663818244,-1.6763108478888318
chem_mordred_ATS3Z,27.26018269626685,1.0627543233537655,0.6731199256524492
chem_mordred_Xp-2d,23.23579400885264,0.60138889388356,0.0
chem_mordred_Xp-3d,21.47216652380042,1.885892510848836,3.2815829639570318
chem_mordred_ATS3m,-20.998008519755523,-0.2296438043727407,0.0
chem_mordred_LabuteASA,19.422900267461344,1.8888886193494465,1.50274783528942
chem_mordred_nHeavyAtom,19.35061616074829,1.5094410152181608,2.1213737344557697
chem_pcp_heavy_atom_count,19.35061616074829,1.5094410152181608,1.954283011998816
chem_mordred_ATS2v,-19.110678475604708,-0.3892087622641999,0.0
chem_mordred_ATS2p,18.341715402716073,3.921507278649359,6.6410516166127325
chem_mordred_ATS0m,-17.63416683588081,-0.31388464311668485,0.0
chem_mordred_ATS1Z,16.195582064610885,0.05487016239059349,0.0011914154824702913
chem_mordred_ATS5Z,-14.10354134936678,-1.4485930132363645,-1.8109460579925487
chem_mordred_ATS0d,-12.911606464658263,-0.6849976670250744,0.0
chem_mordred_ATS3p,-12.575895239728895,-1.4985250004615838,-2.8924124359201135
chem_mordred_ATS5m,12.479621825240358,1.4428609069337601,1.7840009291890837
chem_mordred_ATS2Z,12.19215244875161,1.5711251981766645,0.715392174069887
chem_mordred_ATS1v,-11.41618028788511,-1.7468401241369622,-1.975456522447028
chem_mordred_ATS4Z,11.370994560595884,1.318735605810604,1.359783998105906
chem_mordred_ATS2m,-10.84306492796243,-0.48375692165960477,-0.05842583560678113
chem_mordred_Xpc-5d,10.126079320391929,1.8402642843525827,4.140503006148491
chem_mordred_ATS4m,-10.107969482274326,-0.84722136469135,-0.9619562268535193
chem_mordred_NsCl,-9.904723027880435,-2.6458970480668347,-4.816849036242208
chem_mordred_Sv,9.18235057776977,-1.4349814720063756,-1.593991678124738
chem_mordred_MPC4,8.896820609696068,-0.729527403121368,-2.1312867967409725
chem_mordred_SsCl,8.890950837826262,1.9408140386213755,3.42043196118027
chem_mordred_ATS1m,-8.739891994950188,0.49120572009152835,0.6365775625491392
chem_mordred_MPC6,-8.61040510064002,-0.7879694604039996,0.0
chem_mordred_MPC2,-7.754917609100576,1.9980307836542281,3.4843428774078373
chem_mordred_MPC7,7.667105391863326,-0.3146012853165086,0.0
chem_mordred_TMWC10,-3.008425304320255,-4.588154150073733,-7.1750660604615115
chem_mordred_Xpc-4d,-7.03587858178448,-2.3958675337270576,-3.8570813493732525
chem_mordred_MPC5,-6.64484713683337,-1.2821957180654382,-2.124924274086664
chem_mordred_Zagreb1,-6.580790435894244,1.4935406131955644,1.6149503478126532
chem_mordred_Xp-6d,6.026887737417655,1.4362066447063804,1.1936637662209562
chem_mordred_VMcGowan,5.90807651269255,1.616077609033406,0.6670412497725389
chem_mordred_Xp-4dv,5.905272377970781,3.5648430669726507,4.65954980871316
chem_mordred_ZMIC3,5.891814766750799,2.529116064513573,3.1314701603315442
chem_mordred_Xp-3dv,-5.56732406664443,-0.5691486167822917,-1.4105396531181005
chem_mordred_Xp-5d,5.353277283692473,2.5494460347781316,3.9363084218230053
chem_mordred_ZMIC4,-4.878742377572765,-1.781681530327302,-2.346365837303749
chem_mordred_Xpc-6d,-4.515257484189856,-1.5352492495727101,-2.6664776418063645
chem_mordred_MIC4,-4.512817230948092,0.25099396367366456,0.0
chem_mordred_apol,-4.509736002276467,-0.1525343092947138,-0.13234101325790593
chem_mordred_Sp,-4.5097360019713095,-0.1525343092945998,-0.01600691869364477
chem_mordred_nBondsO,-4.482579036944872,0.6255383581457259,0.0
chem_mordred_MWC01,-4.482579036944872,0.6255383581457259,0.0
chem_mordred_SMR,3.5988985741026367,2.971858294306773,4.36790518773606
chem_mordred_Zagreb2,3.79326008457077,0.8385422685908431,0.0
chem_mordred_MIC3,3.7533149667482015,0.5129582783447947,0.8839936720546733
chem_mordred_nX,3.5159166007568547,0.16612509377109075,0.06153115387465282
chem_mordred_Xp-2dv,-3.474754469823348,-1.3874309962511355,-1.7026023894514142
chem_mordred_SRW02,1.6349049587893956,1.8867374201001221,3.325875171991964
chem_mordred_ATS1p,3.277848220129801,-2.0573693461576097,-2.985785742957774
chem_mordred_BertzCT,-2.21919470111359,-2.47148460863882,-2.825605694405182
chem_mordred_ATSC0d,2.775167323179095,0.815297935738296,1.6572579718256164
chem_mordred_nCl,-2.759299667866931,-0.5495698893106997,0.0
chem_mordred_GGI2,2.649257942611212,2.1685637310257713,2.31237140676203
chem_mordred_ATS4p,2.6283938764001333,0.3383198855968919,0.0
chem_mordred_TMPC10,-2.605115185290461,-0.6800322781635776,-0.7367232822822211
chem_mordred_Xpc-4dv,2.5699767986134496,-1.1199221598609341,-0.13239361635870356
chem_mordred_Xpc-5dv,-2.561288130694034,0.5915933010795699,0.023422987740909333
chem_mordred_ATS2d,-0.6167307925886439,-1.2216595863064836,-2.415645988018644
chem_mordred_ATS3pe,-2.2110837089894932,0.4641322432548126,0.3110337508192202
chem_mordred_Xp-7d,0.9452882097923535,1.9692898430059789,2.0132401466996463
chem_mordred_ATS3d,-1.060556761131532,-1.771967377989235,-1.9865389077187536
chem_mordred_ATS5v,-1.9129912075700202,-0.8396784432148878,-0.5271149169276664
chem_mordred_Xp-1dv,-1.9075580630418498,-1.5667917075834954,-1.1989739263263997
chem_mol2vec284,1.8297250514682015,1.5389064793103888,1.5428246307280034
chem_mordred_Xp-5dv,-0.9256450518366641,-1.4600289000256415,-1.8082368377015139
chem_mordred_Xch-6d,1.578390641170433,1.7225232387206635,1.7022531271300625
chem_mordred_ATS3v,1.7121975915494931,-0.47790016272472813,0.0
chem_mordred_ATS4v,1.6526344684789263,-0.27148023198150084,0.0
chem_mordred_GGI3,-1.6103645711480519,-0.18819457811287377,-0.2711406202081231
chem_mol2vec144,-1.6099919232401594,-1.4875886949620307,-1.4067666623747541
chem_mordred_TSRW10,-1.5703907028120796,-1.2746378206699174,-1.2430641970697849
chem_mordred_Xp-4d,-1.5468961263228103,-0.12143441516200006,-0.5527319184857077
chem_mordred_MIC5,1.4879628935418014,0.23180633077317492,0.0
chem_mordred_ZMIC2,-1.4757007073973454,-1.1502002069086363,-1.2884358314828914
chem_mordred_Xp-1d,1.4086612607010338,0.43325918703136473,0.0
chem_mordred_ATS5p,1.3938606105725502,0.29864209265256547,0.07235717915665256
chem_mordred_nC,-1.3447776390987085,0.3047048105718996,0.0
chem_mol2vec071,-1.076879326130544,-1.1629534058067497,-1.2491932072964222
chem_mordred_WPol,-0.37853701220132274,0.9658355086401544,1.1940909477874848
chem_rings_count,1.1912283365393619,0.07146146782572332,0.03495192710567167
chem_mordred_nRing,1.1912283365393619,0.07146146782572332,0.02856866185646068
chem_mol2vec061,1.1876570025842146,0.48674150480204414,0.580498956826091
chem_mol2vec233,0.7330830915041855,1.084443005969859,1.1846111177340626
chem_mol2vec124,1.1744358416557594,0.4335845873924423,0.45374243804702713
chem_mordred_ATSC0Z,-1.1693629856950865,0.43274948487348325,0.18266292530253211
chem_mol2vec184,-1.124550600583735,-0.5805536116483371,-0.5980457309180341
chem_mol2vec221,-0.7968525605065291,-1.0517989936409406,-0.9825855608083361
chem_mordred_Xp-6dv,-1.0355708860243595,-0.6785034208432945,-0.6540562856332778
chem_mol2vec135,-0.9617782848113043,-0.886978044731652,-0.7413744754136711
chem_mol2vec126,-0.9533410234513086,-0.9407307192744152,-0.9357072687713541
chem_mol2vec254,0.9004090079461352,0.9275494969301227,0.9342831919331451
chem_mol2vec197,0.9142435500083043,0.5988875637491461,0.5843310646623544
chem_mordred_ABCGG,0.9105959629936223,0.4621008052184121,0.4971665671052086
chem_mol2vec217,-0.7975805956907368,-0.9101253278203085,-0.83043819713566
chem_mordred_ATS0v,-0.6256712857860106,-0.791858821750901,-0.6970119667502216
chem_mordred_PEOE_VSA6,0.7878908005302216,0.5384401456080565,0.5590262558756696
chem_mol2vec167,-0.7731133456957144,-0.6995084007068871,-0.7217193747361021
chem_mol2vec256,-0.7184463505384406,-0.1079813992250242,-0.12698983994540156
chem_mordred_GGI4,0.6905800232030451,-0.018702100265885965,0.03233114125840886
chem_mordred_EState_VSA2,0.6809480294567468,0.6540495468353381,0.6509547124257381
chem_mordred_Xc-3dv,0.5498599535299827,0.6597513782598999,0.3883665620236642
chem_mol2vec054,0.6214169852433843,0.6556514285382401,0.5298232196145011
chem_mol2vec258,0.6203735170035989,0.36566798140115836,0.2592062418070884
chem_mol2vec289,0.46921649739150306,0.6066430768156299,0.6155984407970964
chem_rdkit_clogp,0.6054648576382835,0.44358747970969,0.39069622970561113
chem_mordred_SLogP,0.6054648576382835,0.44358747970969,0.39691432167911295
chem_mordred_ZMIC0,0.602795623533408,0.5711614016515296,0.34663591579790304
chem_mol2vec156,-0.5953193848420449,0.1317284798357126,0.08171597665310992
chem_mordred_EState_VSA9,0.5894595931380148,0.20326237642815428,0.3663278002834556
chem_mol2vec060,-0.57789660227523,-0.08236365815399939,-0.018297544483105447
chem_mol2vec064,-0.5425761964727738,0.1871157464348845,0.1468598153773635
chem_mol2vec179,-0.3225260280610075,-0.5402011265972777,-0.5411779954350873
chem_mol2vec045,0.18060783055304003,0.48655258323159395,0.44136250360659457
chem_mordred_FilterItLogS,0.47437418657199154,0.07501533896213085,0.10106673353284427
chem_mordred_AATS0d,0.10808540813825365,0.12684898077808174,0.42661735640400916
chem_mordred_piPC10,0.3458026496388239,0.42482745142155903,0.36313205520063835
chem_mol2vec130,-0.14316090621005098,-0.35041034266559173,-0.41917396655555794
chem_mol2vec038,-0.41250920321158874,-0.3139963714415337,-0.25338688992456593
chem_mordred_fragCpx,0.4072467053500614,0.023948023655604472,0.0
chem_mol2vec001,-0.07541392502503116,-0.31086797681298595,-0.39645297192310364
chem_mordred_piPC7,-0.2809979862272458,-0.20087335448605784,-0.3148592995229558
chem_mol2vec027,-0.31344837809437276,-0.2756524247248327,-0.23712111862214172
chem_mol2vec226,-0.3078271836950499,-0.06754987224377358,0.011820581048788545
chem_mol2vec023,0.21815450189477942,-0.307610258649082,-0.18289533467503172
chem_mol2vec107,0.2695385757222638,0.29333733603412265,0.30112254125012833
chem_mol2vec202,-0.2988448742445465,-0.21791711737768904,-0.22166470462393056
chem_mordred_ZMIC1,-0.2123556863097582,-0.2894135621797708,-0.15718918965851914
chem_mol2vec048,-0.2500045454708186,0.14279468695864547,0.0908905823749821
chem_mol2vec295,-0.06720844636725133,-0.23201696013525067,-0.23379012348855682
chem_mol2vec051,0.1682342706702611,0.19477111928316274,0.13116287517436048
chem_mol2vec285,0.19460504256799235,0.011372828041834631,0.1541980781949645
chem_mol2vec056,-0.00743366779118259,-0.17781004301062647,-0.18598272203930044
chem_mol2vec066,0.18424784174293948,0.16543995626400299,0.09297229276820479
chem_mol2vec110,-0.04287055093443481,-0.12192392313772704,-0.14199003420141743
chem_mol2vec265,-0.0293706350053487,-0.12815691394823195,-0.11416976564161549
chem_mol2vec296,0.11997046452317447,-0.12159008227087699,-0.09731160374284613
chem_pcp_fp_bit_0712,0.030714030296652386,-0.07922332000111272,-0.04489590210803555
chem_mol2vec062,-0.041327383743650095,0.04243134435970909,0.04682404198899783
